{
  "passed": false,
  "exitCode": 1,
  "diffPdf": "/Users/politom/Documents/Workspace/personal/DocxToPdf/out/diff-bullets-basic/diff.pdf",
  "stdout": "page 0 has 7304 pixels that differ\npage 0 differs\n1 of 1 pages differ.\n",
  "stderr": "",
  "baseline": "/Users/politom/Documents/Workspace/personal/DocxToPdf/samples/golden/bullets-basic.pdf",
  "candidate": "/Users/politom/Documents/Workspace/personal/DocxToPdf/out/bullets-basic-sdk.pdf",
  "pages": null,
  "dpi": 300,
  "difference": {
    "totalPixels": 8415000,
    "differingPixels": 7304,
    "ratio": 0.0008679738562091503,
    "percent": 0.08679738562091503
  },
  "pageStats": [
    {
      "pageNumber": 1,
      "widthPx": 2550,
      "heightPx": 3300,
      "totalPixels": 8415000,
      "diffPixels": 7304,
      "ratio": 0.0008679738562091503,
      "percent": 0.08679738562091503
    }
  ],
  "geometry": {
    "passed": false,
    "tolerancePt": 0.25,
    "pages": [
      {
        "pageNumber": 1,
        "expectedWordCount": 9,
        "actualWordCount": 6,
        "mismatches": [
          {
            "index": 0,
            "expectedText": "\u2022",
            "actualText": "\u2022Default",
            "expected": {
              "x": 90.1,
              "y": 711.75,
              "width": 5.049000000000007,
              "height": 5.67724609375,
              "centerX": 92.6245,
              "centerY": 714.588623046875
            },
            "actual": {
              "x": 102.94043,
              "y": 761.75,
              "width": 37.914550468749994,
              "height": 7.6376953125,
              "centerX": 121.897705234375,
              "centerY": 765.56884765625
            },
            "delta": {
              "deltaX": 29.273205234375,
              "deltaY": 50.980224609375,
              "deltaWidth": 32.86555046874999,
              "deltaHeight": 1.96044921875,
              "maxDeviation": 50.980224609375
            }
          },
          {
            "index": 1,
            "expectedText": "Default",
            "actualText": "bullet",
            "expected": {
              "x": 108.1,
              "y": 711.75,
              "width": 32.505000000000024,
              "height": 7.6376953125,
              "centerX": 124.3525,
              "centerY": 715.56884765625
            },
            "actual": {
              "x": 143.341797,
              "y": 761.75,
              "width": 25.76513671875,
              "height": 7.6376953125,
              "centerX": 156.224365359375,
              "centerY": 765.56884765625
            },
            "delta": {
              "deltaX": 31.871865359375008,
              "deltaY": 50,
              "deltaWidth": -6.739863281250024,
              "deltaHeight": 0,
              "maxDeviation": 50
            }
          },
          {
            "index": 2,
            "expectedText": "bullet",
            "actualText": "\u25E6Indented",
            "expected": {
              "x": 143.06900000000002,
              "y": 711.75,
              "width": 25.696000000000055,
              "height": 7.6376953125,
              "centerX": 155.91700000000003,
              "centerY": 715.56884765625
            },
            "actual": {
              "x": 119.640625,
              "y": 748.322266,
              "width": 46.87890625,
              "height": 7.6376953125,
              "centerX": 143.080078125,
              "centerY": 752.14111365625
            },
            "delta": {
              "deltaX": -12.83692187500003,
              "deltaY": 36.57226600000001,
              "deltaWidth": 21.182906249999945,
              "deltaHeight": 0,
              "maxDeviation": 36.57226600000001
            }
          },
          {
            "index": 3,
            "expectedText": "\u25E6",
            "actualText": "bullet",
            "expected": {
              "x": 108.1,
              "y": 698.3,
              "width": 6.358000000000004,
              "height": 5.76318359375,
              "centerX": 111.279,
              "centerY": 701.181591796875
            },
            "actual": {
              "x": 169.00635,
              "y": 748.322266,
              "width": 25.76513671875,
              "height": 7.6376953125,
              "centerX": 181.888918359375,
              "centerY": 752.14111365625
            },
            "delta": {
              "deltaX": 70.609918359375,
              "deltaY": 50.95952185937506,
              "deltaWidth": 19.407136718749996,
              "deltaHeight": 1.87451171875,
              "maxDeviation": 70.609918359375
            }
          },
          {
            "index": 4,
            "expectedText": "Indented",
            "actualText": "\u2022Second",
            "expected": {
              "x": 126.1,
              "y": 698.3,
              "width": 40.249000000000024,
              "height": 7.6376953125,
              "centerX": 146.2245,
              "centerY": 702.11884765625
            },
            "actual": {
              "x": 102.94043,
              "y": 734.894531,
              "width": 37.597655937499994,
              "height": 7.6376953125,
              "centerX": 121.73925796875,
              "centerY": 738.71337865625
            },
            "delta": {
              "deltaX": -24.48524203125001,
              "deltaY": 36.594531000000075,
              "deltaWidth": -2.65134406250003,
              "deltaHeight": 0,
              "maxDeviation": 36.594531000000075
            }
          },
          {
            "index": 5,
            "expectedText": "bullet",
            "actualText": "bullet",
            "expected": {
              "x": 168.81300000000002,
              "y": 698.3,
              "width": 25.696000000000055,
              "height": 7.6376953125,
              "centerX": 181.66100000000006,
              "centerY": 702.11884765625
            },
            "actual": {
              "x": 143.024902,
              "y": 734.894531,
              "width": 25.76513671875,
              "height": 7.6376953125,
              "centerX": 155.907470359375,
              "centerY": 738.71337865625
            },
            "delta": {
              "deltaX": -25.75352964062506,
              "deltaY": 36.594531000000075,
              "deltaWidth": 0.0691367187499452,
              "deltaHeight": 0,
              "maxDeviation": 36.594531000000075
            }
          },
          {
            "index": 6,
            "expectedText": "\u2022",
            "actualText": "\u003Cmissing\u003E",
            "expected": {
              "x": 90.1,
              "y": 684.85,
              "width": 5.049000000000007,
              "height": 5.67724609375,
              "centerX": 92.6245,
              "centerY": 687.688623046875
            },
            "actual": {
              "x": 0,
              "y": 0,
              "width": 0,
              "height": 0,
              "centerX": 0,
              "centerY": 0
            },
            "delta": {
              "deltaX": 0,
              "deltaY": 0,
              "deltaWidth": 0,
              "deltaHeight": 0,
              "maxDeviation": 0
            }
          }
        ]
      }
    ]
  }
}