{
  "passed": false,
  "exitCode": 1,
  "diffPdf": "/Users/politom/Documents/Workspace/personal/DocxToPdf/out/diff-numbering-multilevel/diff.pdf",
  "stdout": "page 0 has 18571 pixels that differ\npage 0 differs\n1 of 1 pages differ.\n",
  "stderr": "",
  "baseline": "/Users/politom/Documents/Workspace/personal/DocxToPdf/samples/golden/numbering-multilevel.pdf",
  "candidate": "/Users/politom/Documents/Workspace/personal/DocxToPdf/out/numbering-multilevel-sdk.pdf",
  "pages": null,
  "dpi": 300,
  "difference": {
    "totalPixels": 8415000,
    "differingPixels": 18571,
    "ratio": 0.0022068924539512774,
    "percent": 0.22068924539512774
  },
  "pageStats": [
    {
      "pageNumber": 1,
      "widthPx": 2550,
      "heightPx": 3300,
      "totalPixels": 8415000,
      "diffPixels": 18571,
      "ratio": 0.0022068924539512774,
      "percent": 0.22068924539512774
    }
  ],
  "geometry": {
    "passed": false,
    "tolerancePt": 0.25,
    "pages": [
      {
        "pageNumber": 1,
        "expectedWordCount": 14,
        "actualWordCount": 14,
        "mismatches": [
          {
            "index": 0,
            "expectedText": "1.",
            "actualText": "1.",
            "expected": {
              "x": 90.1,
              "y": 711.75,
              "width": 8.327000000000012,
              "height": 7.0791015625,
              "centerX": 94.2635,
              "centerY": 715.28955078125
            },
            "actual": {
              "x": 90.576172,
              "y": 711.75,
              "width": 9.173828125,
              "height": 7.90625,
              "centerX": 95.1630860625,
              "centerY": 715.703125
            },
            "delta": {
              "deltaX": 0.8995860625000063,
              "deltaY": 0.41357421875,
              "deltaWidth": 0.8468281249999876,
              "deltaHeight": 0.8271484375,
              "maxDeviation": 0.8995860625000063
            }
          },
          {
            "index": 3,
            "expectedText": "1.a",
            "actualText": "1.a",
            "expected": {
              "x": 108.1,
              "y": 698.3,
              "width": 13.618000000000023,
              "height": 7.0791015625,
              "centerX": 114.909,
              "centerY": 701.83955078125
            },
            "actual": {
              "x": 107.652344,
              "y": 698.322266,
              "width": 15.29150390625,
              "height": 7.90625,
              "centerX": 115.298095953125,
              "centerY": 702.275391
            },
            "delta": {
              "deltaX": 0.38909595312499334,
              "deltaY": 0.43584021875005874,
              "deltaWidth": 1.6735039062499766,
              "deltaHeight": 0.8271484375,
              "maxDeviation": 1.6735039062499766
            }
          },
          {
            "index": 4,
            "expectedText": "Research",
            "actualText": "Research",
            "expected": {
              "x": 124.2,
              "y": 698.3,
              "width": 40.34800000000003,
              "height": 7.6376953125,
              "centerX": 144.37400000000002,
              "centerY": 702.11884765625
            },
            "actual": {
              "x": 126,
              "y": 698.322266,
              "width": 40.755859375,
              "height": 7.6376953125,
              "centerX": 146.3779296875,
              "centerY": 702.14111365625
            },
            "delta": {
              "deltaX": 2.0039296874999764,
              "deltaY": 0.02226600000005874,
              "deltaWidth": 0.4078593749999726,
              "deltaHeight": 0,
              "maxDeviation": 2.0039296874999764
            }
          },
          {
            "index": 5,
            "expectedText": "\u2022",
            "actualText": "\u2022",
            "expected": {
              "x": 126.1,
              "y": 683.2,
              "width": 3.8499999999999943,
              "height": 5.1240234375,
              "centerX": 128.02499999999998,
              "centerY": 685.76201171875
            },
            "actual": {
              "x": 134.648926,
              "y": 684.894531,
              "width": 3.85107421875,
              "height": 5.1240234375,
              "centerX": 136.574463109375,
              "centerY": 687.45654271875
            },
            "delta": {
              "deltaX": 8.549463109375012,
              "deltaY": 1.6945309999999836,
              "deltaWidth": 0.0010742187500056843,
              "deltaHeight": 0,
              "maxDeviation": 8.549463109375012
            }
          },
          {
            "index": 6,
            "expectedText": "Assets",
            "actualText": "Assets",
            "expected": {
              "x": 144.1,
              "y": 683.2,
              "width": 28.335999999999984,
              "height": 7.0576171875,
              "centerX": 158.26799999999997,
              "centerY": 686.72880859375
            },
            "actual": {
              "x": 144,
              "y": 684.894531,
              "width": 28.42919921875,
              "height": 7.0576171875,
              "centerX": 158.214599609375,
              "centerY": 688.42333959375
            },
            "delta": {
              "deltaX": -0.05340039062497226,
              "deltaY": 1.6945309999999836,
              "deltaWidth": 0.09319921875001569,
              "deltaHeight": 0,
              "maxDeviation": 1.6945309999999836
            }
          },
          {
            "index": 7,
            "expectedText": "2.",
            "actualText": "2.",
            "expected": {
              "x": 90.1,
              "y": 669.75,
              "width": 8.327000000000012,
              "height": 7.13818359375,
              "centerX": 94.2635,
              "centerY": 673.319091796875
            },
            "actual": {
              "x": 90.576172,
              "y": 671.466797,
              "width": 9.173828125,
              "height": 7.90625,
              "centerX": 95.1630860625,
              "centerY": 675.419922
            },
            "delta": {
              "deltaX": 0.8995860625000063,
              "deltaY": 2.1008302031250423,
              "deltaWidth": 0.8468281249999876,
              "deltaHeight": 0.76806640625,
              "maxDeviation": 2.1008302031250423
            }
          },
          {
            "index": 8,
            "expectedText": "Phase",
            "actualText": "Phase",
            "expected": {
              "x": 108.1,
              "y": 669.75,
              "width": 26.455000000000013,
              "height": 7.6376953125,
              "centerX": 121.3275,
              "centerY": 673.56884765625
            },
            "actual": {
              "x": 108,
              "y": 671.466797,
              "width": 26.50634765625,
              "height": 7.6376953125,
              "centerX": 121.253173828125,
              "centerY": 675.28564465625
            },
            "delta": {
              "deltaX": -0.07432617187500057,
              "deltaY": 1.7167970000000423,
              "deltaWidth": 0.051347656249987494,
              "deltaHeight": 0,
              "maxDeviation": 1.7167970000000423
            }
          },
          {
            "index": 9,
            "expectedText": "2",
            "actualText": "2",
            "expected": {
              "x": 137.03,
              "y": 669.75,
              "width": 5.5660000000000025,
              "height": 7.13818359375,
              "centerX": 139.813,
              "centerY": 673.319091796875
            },
            "actual": {
              "x": 136.993164,
              "y": 671.466797,
              "width": 5.5751953125,
              "height": 7.13818359375,
              "centerX": 139.78076165625,
              "centerY": 675.035888796875
            },
            "delta": {
              "deltaX": -0.03223834374998091,